filename,line_total,line_covered,line_percent,branch_total,branch_covered,branch_percent,ACC,ACCM,AMLOC,ANPM,CBO,LCOM4,MMLOC,NOA,NOM,RFC,SC,LOCCOM,NSM,NMC,NMCI,NMCE,WMC,AMC,function_total,function_covered,function_percent
config/config.hpp,2,0,0.0,0,0,,0,2.0,4.0,1.0,0,2,4,0,2,2,0,0,0,0,0,0,2.0,1.0,2,2,1.0
fem/bilinearform_ext.cpp,970,0,0.0,1536,0,0.0,0,4.0,22.0,6.0,5,1,22,0,1,8,5,0,17533,0,0,17533,318.6,5.4,77,60,0.779
fem/bounds.hpp,1,0,0.0,0,0,,1,8.41666666666667,56.75,2.75,15,11,181,20,12,62,165,0,15196,0,0,15196,3.0,1.0,1,0,0.0
fem/ceed/interface/operator.hpp,1,0,0.0,0,0,,17,2.75,23.0,1.5,3,4,31,0,4,18,12,0,10966,0,0,10966,3.9,1.3,1,0,0.0
fem/ceed/interface/util.cpp,3,0,0.0,0,0,,0,4.0,17.5,0.5,1,2,31,0,2,3,2,0,15564,0,0,15564,33.6,2.4,2,2,1.0
fem/coefficient.cpp,880,0,0.0,1984,0,0.0,9,4.0,20.2857142857143,3.42857142857143,14,5,41,0,7,62,70,0,21682,0,0,21682,374.00000000000006,2.2,168,80,0.476
fem/dgmassinv.cpp,176,0,0.0,1344,0,0.0,0,2.0,31.0,0.0,1,1,31,0,1,2,1,0,18686,0,0,18686,37.5,2.5,67,47,0.701
fem/dgmassinv.hpp,2,0,0.0,4,0,0.0,1,3.26666666666667,16.2,1.93333333333333,21,8,143,15,15,91,168,0,15198,0,0,15198,1.0,1.0,2,1,0.5
fem/dgmassinv_kernels.hpp,90,0,0.0,122,0,0.0,1,5.125,35.875,6.5,5,8,55,0,8,28,40,0,17168,0,0,17168,60.8,7.6,66,40,0.606
fem/doftrans.cpp,127,0,0.0,320,0,0.0,8,4.0,14.0,3.0,2,2,14,0,2,10,4,0,21139,0,0,21139,59.400000000000006,5.4,11,11,1.0
fem/fe/face_map_utils.cpp,52,0,0.0,108,0,0.0,10,5.09090909090909,22.3636363636364,4.63636363636364,4,3,53,0,11,23,12,0,10926,0,0,10926,27.9,9.3,3,3,1.0
fem/fe/fe_base.cpp,1307,0,0.0,3419,0,0.0,4,2.0,15.0,3.0,2,1,15,0,1,4,2,0,15042,0,0,15042,444.4,4.4,102,63,0.618
fem/fe/fe_pyramid.hpp,52,0,0.0,128,0,0.0,6,2.6,12.424,3.928,11,97,70,38,125,402,1067,0,13897,0,0,13897,38.5,1.1,28,28,1.0
fem/geom.cpp,1076,0,0.0,1866,0,0.0,42,4.33333333333333,11.1666666666667,2.5,4,6,25,2,6,12,24,0,21620,0,0,21620,407.5,16.3,33,17,0.515
fem/gridfunc.cpp,2400,0,0.0,6077,0,0.0,2,8.66666666666667,65.4444444444444,5.0,28,7,204,0,9,117,196,0,18918,0,0,18918,596.6999999999999,5.1,117,67,0.573
fem/hybridization.hpp,3,0,0.0,0,0,,1,7.04347826086957,42.9565217391304,1.26086956521739,24,2,233,15,23,212,48,0,15556,0,0,15556,10.0,1.0,2,0,0.0
fem/hybridization_ext.hpp,1,0,0.0,0,0,,0,8.1875,68.0625,1.375,26,2,266,18,16,315,52,0,10921,0,0,10921,1.0,1.0,1,0,0.0
fem/integ/bilininteg_convection_ea.cpp,138,0,0.0,1106,0,0.0,0,8.33333333333333,67.6666666666667,8.0,6,3,78,0,3,26,18,0,15775,0,0,15775,66.0,16.5,27,6,0.222
fem/integ/bilininteg_convection_pa.cpp,807,0,0.0,4592,0,0.0,0,14.6923076923077,109.769230769231,9.53846153846154,13,7,201,0,13,121,91,0,16505,0,0,16505,251.6,14.8,65,28,0.431
fem/integ/bilininteg_dgdiffusion_pa.cpp,495,0,0.0,3036,0,0.0,0,8.44444444444444,102.555555555556,8.66666666666667,16,7,283,0,9,79,112,0,16127,0,0,16127,162.5,12.5,31,16,0.516
fem/integ/bilininteg_dgtrace_ea.cpp,259,0,0.0,1250,0,0.0,0,6.0,53.1666666666667,6.83333333333333,6,6,96,0,6,44,36,0,15891,0,0,15891,89.6,11.2,40,12,0.3
fem/integ/bilininteg_dgtrace_pa.cpp,536,0,0.0,2700,0,0.0,0,13.5454545454545,83.9090909090909,8.90909090909091,14,5,153,0,11,106,70,0,16296,0,0,16296,209.6,13.1,50,24,0.48
fem/integ/bilininteg_diffusion_ea.cpp,159,0,0.0,1132,0,0.0,0,8.33333333333333,73.3333333333333,8.0,6,3,96,0,3,25,18,0,15805,0,0,15805,66.0,16.5,27,7,0.259
fem/integ/bilininteg_diffusion_kernels.cpp,176,0,0.0,278,0,0.0,3,4.75,66.0,7.75,9,1,119,0,4,29,9,0,16593,0,0,16593,59.4,6.6,8,6,0.75
fem/integ/bilininteg_diffusion_patch.cpp,579,0,0.0,2464,0,0.0,1,6.5,106.0,11.5,7,2,120,0,2,14,14,0,22259,0,0,22259,191.8,27.4,8,6,0.75
fem/integ/bilininteg_elasticity_kernels.cpp,74,0,0.0,127,0,0.0,2,8.42857142857143,54.8571428571429,9.28571428571429,14,7,133,0,7,63,98,0,15850,0,0,15850,23.2,5.8,4,0,0.0
fem/integ/bilininteg_gradient_pa.cpp,423,0,0.0,1098,0,0.0,0,12.5,98.6,9.9,8,4,246,0,10,72,32,0,16306,0,0,16306,171.6,13.2,18,18,1.0
fem/integ/bilininteg_hcurl_kernels.cpp,454,0,0.0,1086,0,0.0,5,23.7272727272727,181.409090909091,9.68181818181818,8,22,584,0,22,171,176,0,17636,0,0,17636,230.4,19.2,24,24,1.0
fem/integ/bilininteg_hcurlhdiv_kernels.cpp,302,0,0.0,678,0,0.0,3,30.8333333333333,212.666666666667,11.3333333333333,6,6,366,0,6,46,36,0,16660,0,0,16660,164.8,41.2,8,8,1.0
fem/integ/bilininteg_hdiv_ea.cpp,164,0,0.0,1054,0,0.0,0,11.5,108.5,9.0,6,2,120,0,2,20,12,0,15768,0,0,15768,83.2,20.8,12,8,0.667
fem/integ/bilininteg_hdiv_kernels.cpp,838,0,0.0,2078,0,0.0,3,16.0869565217391,102.739130434783,8.78260869565217,9,21,286,0,23,170,189,0,16848,0,0,16848,432.6,20.6,41,35,0.8540000000000001
fem/integ/bilininteg_interp_pa.cpp,764,0,0.0,2084,0,0.0,0,27.4166666666667,136.666666666667,7.0,5,12,226,0,12,84,60,0,16322,0,0,16322,365.4,20.3,30,22,0.733
fem/integ/bilininteg_mixedvecgrad_pa.cpp,346,0,0.0,960,0,0.0,0,27.0,157.5,10.0,5,4,198,0,4,32,20,0,16723,0,0,16723,139.29999999999998,19.9,11,11,1.0
fem/integ/bilininteg_vecdiffusion_pa.cpp,432,0,0.0,1181,0,0.0,0,11.375,75.75,7.75,9,4,190,0,8,61,36,0,16312,0,0,16312,148.5,13.5,21,18,0.857
fem/integ/bilininteg_vecdiv_pa.cpp,392,0,0.0,1004,0,0.0,0,13.7,98.1,9.3,8,4,249,0,10,69,32,0,16199,0,0,16199,175.5,13.5,17,17,1.0
fem/integ/bilininteg_vecmass_pa.cpp,255,0,0.0,724,0,0.0,0,13.6666666666667,66.6666666666667,7.83333333333333,6,2,143,0,6,40,12,0,15923,0,0,15923,116.1,12.9,15,15,1.0
fem/integ/lininteg_boundary.cpp,128,0,0.0,1236,0,0.0,0,13.6666666666667,63.3333333333333,10.0,13,3,80,0,3,29,39,0,21319,0,0,21319,74.0,14.8,23,7,0.304
fem/integ/lininteg_boundary_flux.cpp,91,0,0.0,884,0,0.0,0,11.0,46.6666666666667,7.0,12,3,60,0,3,25,36,0,21282,0,0,21282,58.0,14.5,22,6,0.273
fem/integ/lininteg_domain.cpp,137,0,0.0,1600,0,0.0,0,15.0,72.3333333333333,9.0,14,3,94,0,3,32,42,0,21306,0,0,21306,76.0,15.2,23,17,0.7390000000000001
fem/integ/lininteg_domain_grad.cpp,185,0,0.0,2364,0,0.0,0,15.3333333333333,98.0,9.0,14,3,149,0,3,32,42,0,21402,0,0,21402,81.0,16.2,23,13,0.565
fem/integ/lininteg_domain_vectorfe.cpp,174,0,0.0,2168,0,0.0,0,13.3333333333333,101.333333333333,8.33333333333333,14,3,151,0,3,33,42,0,21413,0,0,21413,84.8,21.2,19,6,0.316
fem/integ/nonlininteg_vecconvection_pa.cpp,306,0,0.0,548,0,0.0,0,20.0,224.666666666667,8.66666666666667,8,3,304,0,3,27,24,0,16174,0,0,16174,93.0,18.6,8,8,1.0
fem/integrator.hpp,7,0,0.0,2,0,0.0,133,2.4,4.4,1.2,2,2,25,2,10,27,4,0,13975,0,0,13975,9.6,1.2,6,6,1.0
fem/intrules.cpp,942,0,0.0,1330,0,0.0,132,0.0,0.0,0.0,0,0,0,2,0,0,0,0,21800,0,0,21800,285.2,6.2,35,32,0.914
fem/kernels.hpp,749,0,0.0,1266,0,0.0,0,2.52083333333333,25.0833333333333,5.02083333333333,2,38,69,0,48,83,76,0,10668,0,0,10668,84.0,1.5,478,179,0.374
fem/linearform.hpp,11,0,0.0,44,0,0.0,29,3.61111111111111,11.7222222222222,0.777777777777778,13,5,170,15,36,173,65,0,16697,0,0,16697,18.0,1.0,8,7,0.875
fem/linearform_ext.hpp,1,0,0.0,0,0,,1,5.25,39.25,0.25,9,2,92,9,4,50,18,0,10921,0,0,10921,1.0,1.0,1,1,1.0
fem/lor/lor.cpp,210,0,0.0,464,0,0.0,1,3.33333333333333,14.0,1.0,3,3,19,0,3,12,9,0,17182,0,0,17182,95.7,3.3,27,24,0.889
fem/lor/lor_batched.cpp,260,0,0.0,491,0,0.0,1,4.7,11.7,2.2,9,10,21,0,10,28,90,0,18320,0,0,18320,98.6,5.8,96,35,0.365
fem/lor/lor_h1.hpp,4,0,0.0,4,0,0.0,0,17.3333333333333,161.666666666667,1.66666666666667,11,3,312,0,3,45,33,0,17565,0,0,17565,1.0,1.0,1,1,1.0
fem/lor/lor_nd.hpp,4,0,0.0,4,0,0.0,0,17.3333333333333,176.666666666667,1.66666666666667,13,3,345,0,3,48,39,0,17541,0,0,17541,1.0,1.0,1,1,1.0
fem/lor/lor_rt.hpp,4,0,0.0,4,0,0.0,0,17.3333333333333,171.0,1.66666666666667,13,3,312,0,3,47,39,0,17411,0,0,17411,1.0,1.0,1,1,1.0
fem/lor/lor_util.hpp,151,0,0.0,86,0,0.0,3,2.4,22.9,4.2,4,9,58,0,10,17,36,0,10680,0,0,10680,23.4,2.6,78,17,0.218
fem/normal_deriv_restriction.cpp,365,0,0.0,3552,0,0.0,0,7.0,34.5,4.0,5,2,35,0,2,14,10,0,15546,0,0,15546,187.2,20.8,41,13,0.317
fem/qfunction.cpp,142,0,0.0,402,0,0.0,0,2.5,8.5,2.0,1,2,12,0,2,3,2,0,15717,0,0,15717,38.5,3.5,12,7,0.583
fem/qfunction.hpp,44,0,0.0,14,0,0.0,5,3.15384615384615,12.7692307692308,1.46153846153846,20,7,118,3,26,134,140,0,15556,0,0,15556,31.5,1.5,13,12,0.923
fem/qinterp/det.cpp,24,0,0.0,42,0,0.0,0,3.6,53.4,6.4,9,5,96,0,5,33,45,0,16268,0,0,16268,10.0,5.0,2,2,1.0
fem/qinterp/eval.hpp,78,0,0.0,2150,0,0.0,0,5.66666666666667,50.3333333333333,7.0,6,3,61,0,3,25,18,0,16196,0,0,16196,40.0,10.0,127,43,0.3389999999999999
fem/qinterp/eval_by_nodes.cpp,44,0,0.0,0,0,,0,2.0,59.0,0.0,1,1,59,0,1,2,1,0,16196,0,0,16196,1.0,1.0,1,1,1.0
fem/qinterp/eval_by_vdim.cpp,22,0,0.0,0,0,,0,2.0,29.0,0.0,1,1,29,0,1,2,1,0,16196,0,0,16196,1.0,1.0,1,1,1.0
fem/qinterp/eval_hdiv.cpp,40,0,0.0,50,0,0.0,0,14.6666666666667,150.0,5.33333333333333,7,3,233,0,3,21,21,0,16076,0,0,16076,12.0,6.0,2,2,1.0
fem/qinterp/grad.hpp,277,0,0.0,13232,0,0.0,0,8.66666666666667,88.1666666666667,9.0,8,6,140,0,6,36,48,0,16390,0,0,16390,89.6,11.2,409,165,0.4029999999999999
fem/qinterp/grad_by_nodes.cpp,53,0,0.0,0,0,,1,2.0,24.3333333333333,0.0,1,3,71,0,3,4,3,0,16390,0,0,16390,1.0,1.0,2,2,1.0
fem/qinterp/grad_by_vdim.cpp,30,0,0.0,0,0,,1,2.0,15.3333333333333,0.0,1,3,44,0,3,4,3,0,16390,0,0,16390,1.0,1.0,2,2,1.0
fem/quadinterpolator.hpp,9,0,0.0,24,0,0.0,7,2.57142857142857,10.8095238095238,2.38095238095238,9,8,73,12,21,90,72,0,15196,0,0,15196,5.0,1.0,9,9,1.0
fem/quadinterpolator_face.cpp,393,0,0.0,4676,0,0.0,0,9.0,45.0,3.0,5,1,45,0,1,12,5,0,16449,0,0,16449,207.2,29.6,54,18,0.3329999999999999
fem/quadinterpolator_face.hpp,3,0,0.0,0,0,,3,17.2222222222222,80.1111111111111,5.11111111111111,14,1,214,16,9,78,14,0,15196,0,0,15196,3.0,1.0,2,2,1.0
fem/restriction.cpp,1304,0,0.0,2966,0,0.0,6,4.125,16.25,4.25,9,8,38,0,8,25,72,0,16392,1,4,16388,438.6,5.1,118,101,0.856
fem/staticcond.hpp,13,0,0.0,12,0,0.0,0,4.26086956521739,23.3913043478261,1.17391304347826,17,1,85,14,23,233,17,0,15201,0,0,15201,18.700000000000003,1.1,6,0,0.0
fem/tmop.cpp,2864,0,0.0,6721,0,0.0,11,2.52,14.32,2.44,19,7,44,0,25,108,133,0,18993,0,0,18993,739.8000000000001,2.7,282,68,0.241
fem/tmop/tmop_pa_da3.cpp,139,0,0.0,2252,0,0.0,0,7.0,104.0,13.0,12,2,108,0,2,33,24,0,16304,0,0,16304,41.1,13.7,31,6,0.1939999999999999
fem/tmop/tmop_pa_h2d.cpp,66,0,0.0,1350,0,0.0,0,16.0,130.0,10.0,8,1,130,0,1,11,8,0,16075,0,0,16075,26.0,13.0,16,3,0.188
fem/tmop/tmop_pa_h2d_c0.cpp,36,0,0.0,562,0,0.0,0,5.0,63.0,8.0,6,1,63,0,1,9,6,0,16055,0,0,16055,11.0,5.5,16,2,0.125
fem/tmop/tmop_pa_h2m.cpp,50,0,0.0,784,0,0.0,0,6.0,93.0,11.0,8,1,93,0,1,11,8,0,16071,0,0,16071,12.0,6.0,16,5,0.312
fem/tmop/tmop_pa_h2m_c0.cpp,40,0,0.0,536,0,0.0,0,4.0,72.0,9.0,6,1,72,0,1,7,6,0,17578,0,0,17578,10.0,5.0,16,2,0.125
fem/tmop/tmop_pa_h2s.cpp,182,0,0.0,1188,0,0.0,0,6.375,38.25,7.375,9,1,90,0,8,54,9,0,16232,0,0,16232,57.6,6.4,23,10,0.435
fem/tmop/tmop_pa_h2s_c0.cpp,80,0,0.0,924,0,0.0,0,5.0,128.0,16.0,9,1,128,0,1,12,9,0,17637,0,0,17637,14.0,7.0,16,2,0.125
fem/tmop/tmop_pa_h3d.cpp,104,0,0.0,2394,0,0.0,0,24.0,231.0,10.0,9,1,231,0,1,13,9,0,16111,0,0,16111,38.0,19.0,16,4,0.25
fem/tmop/tmop_pa_h3d_c0.cpp,46,0,0.0,832,0,0.0,0,6.0,90.0,8.0,6,1,90,0,1,9,6,0,16065,0,0,16065,12.0,6.0,16,4,0.25
fem/tmop/tmop_pa_h3m.cpp,52,0,0.0,874,0,0.0,0,6.0,96.0,11.0,8,1,96,0,1,11,8,0,16075,0,0,16075,12.0,6.0,16,4,0.25
fem/tmop/tmop_pa_h3m_c0.cpp,41,0,0.0,626,0,0.0,0,4.0,76.0,9.0,6,1,76,0,1,7,6,0,17580,0,0,17580,10.0,5.0,16,4,0.25
fem/tmop/tmop_pa_h3s.cpp,220,0,0.0,1316,0,0.0,0,6.375,49.0,14.5,9,1,127,0,8,70,9,0,16307,0,0,16307,59.4,6.6,23,8,0.348
fem/tmop/tmop_pa_h3s_c0.cpp,95,0,0.0,1194,0,0.0,0,5.0,147.0,16.0,10,1,147,0,1,17,10,0,17659,0,0,17659,15.0,7.5,16,4,0.25
fem/tmop/tmop_pa_jp2.cpp,46,0,0.0,370,0,0.0,0,2.0,53.0,9.0,6,1,53,0,1,9,6,0,17879,0,0,17879,8.0,4.0,16,6,0.375
fem/tmop/tmop_pa_jp3.cpp,46,0,0.0,430,0,0.0,0,2.0,55.0,9.0,6,1,55,0,1,9,6,0,17881,0,0,17881,8.0,4.0,16,4,0.25
fem/tmop/tmop_pa_p2.cpp,100,0,0.0,1174,0,0.0,0,3.0,20.25,3.875,9,1,103,0,8,51,9,0,16229,0,0,16229,30.6,3.4,23,10,0.435
fem/tmop/tmop_pa_p2_c0.cpp,74,0,0.0,958,0,0.0,0,3.0,130.0,16.0,9,1,130,0,1,13,9,0,17641,0,0,17641,12.0,6.0,16,2,0.125
fem/tmop/tmop_pa_p3.cpp,118,0,0.0,1268,0,0.0,0,3.0,24.0,3.875,10,1,106,0,8,64,10,0,17761,0,0,17761,32.4,3.6,23,8,0.348
fem/tmop/tmop_pa_p3_c0.cpp,83,0,0.0,1258,0,0.0,0,3.0,138.0,16.0,10,1,138,0,1,18,10,0,17649,0,0,17649,13.0,6.5,16,4,0.25
fem/tmop/tmop_pa_tc2.cpp,73,0,0.0,689,0,0.0,0,2.0,43.0,8.5,11,2,58,0,2,20,22,0,16510,0,0,16510,15.9,5.3,31,3,0.0969999999999999
fem/tmop/tmop_pa_tc3.cpp,73,0,0.0,779,0,0.0,0,2.0,45.5,8.5,11,2,61,0,2,20,22,0,16512,0,0,16512,15.9,5.3,31,3,0.0969999999999999
fem/tmop/tmop_pa_w2.cpp,137,0,0.0,1142,0,0.0,0,2.0,17.75,3.625,3,4,107,0,8,20,12,0,16627,0,0,16627,38.5,3.5,25,13,0.52
fem/tmop/tmop_pa_w2_c0.cpp,74,0,0.0,900,0,0.0,0,3.0,109.0,17.0,8,1,109,0,1,11,8,0,17645,0,0,17645,12.0,6.0,16,2,0.125
fem/tmop/tmop_pa_w3.cpp,135,0,0.0,1138,0,0.0,0,2.0,18.375,3.625,9,1,107,0,8,38,9,0,16602,0,0,16602,36.3,3.3,25,10,0.4
fem/tmop/tmop_pa_w3_c0.cpp,82,0,0.0,1170,0,0.0,0,3.0,121.0,17.0,9,1,121,0,1,16,9,0,17651,0,0,17651,13.0,6.5,16,4,0.25
fem/tmop_tools.cpp,430,0,0.0,1130,0,0.0,3,2.0,15.0,5.5,9,2,18,0,2,14,18,0,17539,0,0,17539,184.8,8.8,15,10,0.667
fem/transfer.cpp,1234,0,0.0,2627,0,0.0,4,14.75,61.75,7.0,5,4,80,0,4,28,20,0,17872,0,0,17872,289.8,4.2,78,22,0.282
general/backends.hpp,4,0,0.0,0,0,,10,2.0,14.0,2.0,1,1,14,0,1,2,1,0,10633,0,0,10633,7.0,3.5,1,1,1.0
general/binaryio.cpp,39,0,0.0,28,0,0.0,3,3.71428571428571,11.1428571428571,1.85714285714286,4,7,28,2,7,18,28,0,10643,0,0,10643,15.0,5.0,3,2,0.667
general/cuda.cpp,26,0,0.0,0,0,,8,2.0,11.3076923076923,2.0,1,13,14,0,13,21,13,0,10636,0,0,10636,43.4,3.1,13,0,0.0
general/device.cpp,183,0,0.0,647,0,0.0,8,2.58333333333333,11.8333333333333,2.08333333333333,4,4,53,2,12,28,16,0,11772,0,0,11772,163.4,8.6,19,6,0.316
general/error.cpp,22,0,0.0,11,0,0.0,121,4.8,27.2,1.0,3,2,70,3,5,22,6,0,10910,0,0,10910,37.2,6.2,5,0,0.0
general/globals.cpp,11,0,0.0,18,0,0.0,153,2.0,5.5,2.5,0,2,7,2,2,2,0,0,10640,0,0,10640,7.0,1.4,3,2,0.667
general/globals.hpp,3,0,0.0,4,0,0.0,5,2.66666666666667,3.66666666666667,0.333333333333333,2,1,11,2,6,20,2,0,10314,0,0,10314,7.0,1.4,4,4,1.0
general/hash.cpp,104,0,0.0,10,0,0.0,1,3.16666666666667,7.16666666666667,2.5,2,4,11,0,6,17,8,0,11045,0,0,11045,23.4,1.8,12,7,0.583
general/hip.cpp,26,0,0.0,0,0,,6,2.0,11.3076923076923,2.0,1,13,14,0,13,21,13,0,10636,0,0,10636,43.4,3.1,13,0,0.0
general/optparser.cpp,233,0,0.0,174,0,0.0,1,6.75,31.25,1.5,2,3,65,0,4,8,6,0,10971,0,0,10971,91.3,8.3,11,7,0.636
general/osockstream.hpp,2,0,0.0,0,0,,3,2.33333333333333,3.66666666666667,0.666666666666667,2,3,9,0,3,5,6,0,10644,0,0,10644,2.0,1.0,2,0,0.0
general/stable3d.cpp,93,0,0.0,204,0,0.0,1,7.0,29.0,3.0,0,1,29,0,1,1,0,0,10955,0,0,10955,52.2,5.8,9,7,0.778
general/table.cpp,336,0,0.0,698,0,0.0,0,5.0,23.0,2.33333333333333,5,6,69,0,6,27,30,0,11025,0,0,11025,135.29999999999998,3.3,41,19,0.4629999999999999
general/text.hpp,15,0,0.0,22,0,0.0,10,2.75,7.75,1.5,0,4,12,0,4,4,0,0,10523,0,0,10523,8.0,2.0,4,4,1.0
general/version.cpp,14,0,0.0,0,0,,0,2.0,23.8571428571429,0.0,0,7,135,0,7,7,0,0,0,0,0,0,51.1,7.3,7,0,0.0
linalg/batched/gpu_blas.cpp,9,0,0.0,4,0,0.0,0,0.0,0.0,0.0,0,0,0,0,0,0,0,0,11015,0,0,11015,18.2,1.3,6,0,0.0
linalg/blockmatrix.cpp,327,0,0.0,968,0,0.0,0,7.0,27.0,1.5,6,2,37,0,2,23,12,0,11213,0,0,11213,143.0,5.5,26,19,0.731
linalg/blockmatrix.hpp,21,0,0.0,14,0,0.0,10,5.0,19.65625,1.625,7,4,79,6,32,166,28,0,11054,0,0,11054,19.200000000000003,1.6,11,7,0.636
linalg/blockvector.hpp,3,0,0.0,0,0,,31,2.80952380952381,8.57142857142857,1.14285714285714,4,3,34,3,21,100,12,0,10921,0,0,10921,4.0,1.0,3,3,1.0
linalg/complex_densemat.cpp,417,0,0.0,886,0,0.0,85,10.0,64.0,2.0,4,2,66,0,2,16,8,0,11778,0,0,11778,210.0,7.5,28,25,0.893
linalg/densemat.cpp,1658,0,0.0,4664,0,0.0,146,5.60526315789474,33.3421052631579,3.13157894736842,14,37,162,0,38,208,518,0,17298,0,0,17298,824.0999999999999,4.1,185,110,0.595
linalg/kernels.hpp,726,0,0.0,384,0,0.0,0,5.64150943396226,30.9433962264151,4.20754716981132,9,34,231,1,53,126,306,0,15963,0,0,15963,250.0,5.0,49,44,0.898
linalg/mma.cpp,548,0,0.0,356,0,0.0,1,20.0,106.0,3.0,0,1,106,0,1,1,0,0,11663,0,0,11663,145.5,9.7,12,12,1.0
linalg/sparsemat.cpp,1927,0,0.0,4758,0,0.0,3,5.17391304347826,31.1739130434783,2.47826086956522,14,23,127,0,23,116,322,0,13665,0,0,13665,750.3,6.1,132,80,0.606
linalg/symmat.hpp,17,0,0.0,88,0,0.0,4,2.32142857142857,4.25,0.714285714285714,4,5,18,1,28,101,20,0,10970,0,0,10970,32.0,1.6,7,4,0.5710000000000001
linalg/vector.hpp,140,0,0.0,220,0,0.0,618,2.67647058823529,10.1666666666667,1.07843137254902,15,9,74,2,102,491,135,0,10921,0,0,10921,87.10000000000001,1.3,58,55,0.948
mesh/element.hpp,13,0,0.0,0,0,,48,2.375,2.125,0.666666666666667,0,19,15,2,24,32,0,0,12048,0,0,12048,11.0,1.0,11,7,0.636
mesh/gmsh.cpp,261,0,0.0,392,0,0.0,1,7.16666666666667,38.0833333333333,2.0,3,4,101,0,12,38,12,0,11999,0,0,11999,176.39999999999998,14.7,12,0,0.0
mesh/nurbs.cpp,2638,0,0.0,6868,0,0.0,0,2.0,52.5,3.0,0,2,59,0,2,2,0,0,17011,0,0,17011,928.0,5.8,151,122,0.8079999999999999
mesh/quadrilateral.cpp,20,0,0.0,34,0,0.0,25,0.0,0.0,0.0,0,0,0,1,0,0,0,0,17054,0,0,17054,6.0,1.2,5,5,1.0
mesh/quadrilateral.hpp,15,0,0.0,0,0,,0,2.05882352941176,2.76470588235294,0.882352941176471,4,10,9,1,17,37,40,0,12048,0,0,12048,11.0,1.0,12,9,0.75
mesh/spacing.cpp,297,0,0.0,1334,0,0.0,1,9.0,60.0,3.0,2,1,60,0,1,3,2,0,11165,0,0,11165,91.0,7.0,13,9,0.6920000000000001
mesh/submesh/ncsubmesh.hpp,4,0,0.0,0,0,,1,4.4,23.8,1.0,5,4,109,5,5,46,20,0,15505,0,0,15505,4.0,1.0,3,3,1.0
mesh/submesh/submesh.hpp,20,0,0.0,6,0,0.0,2,3.25,14.8,0.9,11,6,226,13,20,104,66,0,15521,0,0,15521,15.6,1.3,10,10,1.0
mesh/submesh/submesh_utils.hpp,22,0,0.0,12,0,0.0,1,3.0,15.0,2.0,1,1,15,2,1,4,1,0,15408,0,0,15408,11.0,2.2,5,5,1.0
mesh/tetrahedron.cpp,198,0,0.0,254,0,0.0,15,0.0,0.0,0.0,0,0,0,1,0,0,0,0,17101,0,0,17101,92.3,7.1,13,9,0.6920000000000001
mesh/tetrahedron.hpp,21,0,0.0,0,0,,2,4.37931034482759,11.7241379310345,1.27586206896552,10,10,95,3,29,84,100,0,12048,0,0,12048,15.0,1.0,16,15,0.938
mesh/triangle.cpp,95,0,0.0,184,0,0.0,23,0.0,0.0,0.0,0,0,0,1,0,0,0,0,17082,0,0,17082,34.2,3.8,9,9,1.0
mesh/triangle.hpp,22,0,0.0,26,0,0.0,1,3.0,7.76,1.0,8,10,61,2,25,61,80,0,13986,0,0,13986,15.0,1.0,16,13,0.812
mesh/vertex.hpp,5,0,0.0,2,0,0.0,0,2.25,2.125,1.375,2,2,7,1,8,19,4,0,10314,0,0,10314,7.700000000000001,1.1,6,6,1.0
mesh/vtk.cpp,283,0,0.0,467,0,0.0,5,6.2,33.8,3.0,8,8,115,0,15,38,64,0,12022,0,0,12022,174.6,9.7,18,13,0.722
mesh/vtk.hpp,3,0,0.0,2,0,0.0,2,12.75,27.75,1.25,2,1,64,28,4,41,2,0,11974,0,0,11974,2.0,2.0,1,1,1.0
fem/bilininteg.hpp,189,0,0.0,170,0,0.0,176,3.5782208588957056,17.37116564417178,1.8282208588957047,786,475,361,466,652,4025,4484,0,15573,0,0,15573,460.2,1.3,359,297,0.8270000000000001
fem/tmop.hpp,120,0,0.0,322,0,0.0,116,2.9383561643835616,14.257990867579895,1.7237442922374426,320,256,346,212,438,2377,2440,0,15072,0,0,15072,176.0,1.1,133,59,0.444
fem/coefficient.hpp,81,0,0.0,50,0,0.0,285,2.3474387527839644,4.788418708240535,1.2538975501113585,221,193,54,146,449,1333,714,0,14211,0,0,14211,266.0,1.0,92,77,0.8370000000000001
fem/fe/fe_fixed_order.hpp,60,0,0.0,0,0,,1,3.074349442379182,24.14498141263941,1.5353159851301108,280,217,276,37,269,1177,1113,0,13897,0,0,13897,34.0,1.0,30,0,0.0
fem/fe_coll.hpp,194,0,0.0,202,0,0.0,102,3.8163934426229518,12.180327868852457,0.9606557377049176,176,215,329,161,305,847,981,0,13945,0,0,13945,155.10000000000002,1.1,140,53,0.379
linalg/ode.hpp,73,0,0.0,68,0,0.0,100,2.7419354838709684,8.919354838709676,1.3548387096774201,149,65,50,96,124,611,213,0,10969,0,0,10969,68.9,1.3,49,40,0.816
general/reducers.hpp,5,0,0.0,0,0,,5,2.5625,7.249999999999997,1.5416666666666667,32,46,62,15,48,137,61,0,10966,0,0,10966,81.6,1.7,0,0,
linalg/solvers.hpp,94,0,0.0,208,0,0.0,162,4.08904109589041,19.636986301369863,1.2465753424657535,147,67,208,109,146,885,390,0,11040,0,0,11040,123.20000000000002,1.1,70,46,0.657
general/mem_manager.cpp,736,0,0.0,3980,0,0.0,44,2.4646464646464645,4.666666666666669,1.6161616161616161,26,91,35,28,99,223,163,0,11523,0,17,11506,466.9,2.9,122,76,0.623
fem/fe/fe_pos.hpp,42,0,0.0,2,0,0.0,29,4.74418604651163,25.081395348837205,2.162790697674418,117,50,192,60,86,584,310,0,13898,0,0,13898,11.0,1.1,8,6,0.75
fem/lininteg.hpp,36,0,0.0,78,0,0.0,31,2.717171717171717,12.838383838383843,1.93939393939394,253,82,129,84,99,708,1024,0,16693,0,0,16693,58.8,1.2,41,37,0.902
general/tinyxml2.h,287,0,0.0,76,0,0.0,61,2.62907268170426,7.736842105263156,0.9849624060150373,73,241,113,68,399,1064,1164,0,149,0,0,149,254.8,1.3,162,100,0.617
mesh/ncmesh.hpp,137,0,0.0,207,0,0.0,62,5.272727272727271,28.01298701298699,1.9090909090909118,51,52,817,114,231,1485,362,0,12073,0,0,12073,110.6,1.4,72,66,0.917
fem/geom.hpp,17,0,0.0,53,0,0.0,106,12.172413793103441,59.103448275862114,1.6551724137931034,21,18,533,102,29,122,210,0,12022,0,0,12022,16.0,1.6,8,7,0.875
linalg/operator.hpp,83,0,0.0,144,0,0.0,464,2.4341085271317837,7.705426356589146,1.9147286821705403,42,56,61,52,129,482,116,0,10966,0,0,10966,73.0,1.0,59,34,0.5760000000000001
linalg/tensor.hpp,39,0,0.0,4,0,0.0,251,2.602564102564104,7.06410256410258,1.6153846153846187,14,69,59,23,78,126,268,0,11019,0,0,11019,304.5,1.5,35,0,0.0
general/gecko.hpp,81,0,0.0,31,0,0.0,23,2.911764705882354,8.27450980392155,1.4509803921568603,30,81,130,16,102,230,311,0,7907,0,0,7907,86.8,1.4,36,34,0.944
linalg/tlayout.hpp,2,0,0.0,0,0,,0,2.026666666666667,4.6,0.866666666666667,3,51,14,48,75,114,9,0,15205,0,0,15205,16.5,1.1,225,99,0.44
fem/fe/fe_nd.hpp,162,0,0.0,30,0,0.0,5,5.113924050632913,25.4873417721519,2.272151898734176,178,50,382,123,158,1227,695,0,13915,0,0,13915,81.0,1.0,80,38,0.475
linalg/tmatrix.hpp,37,0,0.0,0,0,,0,2.8749999999999987,13.843749999999996,3.9375000000000018,9,32,135,0,32,77,42,0,10913,0,0,10913,76.8,2.4,139,63,0.4529999999999999
mesh/mesh.hpp,115,0,0.0,119,0,0.0,394,6.839901477832514,40.19704433497537,1.9876847290640431,153,144,1328,126,406,2680,12871,0,15073,0,0,15073,94.6,1.1,72,68,0.944
fem/transfer.hpp,19,0,0.0,0,0,,14,3.586206896551724,20.7816091954023,1.643678160919539,115,61,182,66,87,551,900,0,15220,0,0,15220,18.0,1.0,16,2,0.125
fem/fe/fe_base.hpp,156,0,0.0,378,0,0.0,670,4.048780487804879,17.451219512195124,2.439024390243902,101,99,199,50,164,892,1248,0,13836,0,0,13836,103.7,1.7,60,57,0.95
fem/fe/fe_rt.hpp,120,0,0.0,30,0,0.0,4,5.262295081967213,26.024590163934427,2.4098360655737716,157,33,257,110,122,1065,492,0,13914,0,0,13914,60.0,1.0,59,30,0.508
fem/restriction.hpp,45,0,0.0,78,0,0.0,28,3.504201680672269,18.932773109243684,1.7310924369747909,88,48,126,72,119,796,388,0,15111,0,0,15111,28.0,1.0,21,14,0.667
linalg/ttensor.hpp,6,0,0.0,4,0,0.0,31,3.4857142857142858,12.200000000000003,2.9714285714285706,4,35,83,7,35,40,32,0,15849,0,0,15849,124.8,3.2,112,49,0.4379999999999999
general/zstr.hpp,41,0,0.0,50,0,0.0,3,2.5600000000000005,9.120000000000005,1.4399999999999984,6,16,34,5,25,48,12,0,11296,0,0,11296,108.0,2.4,13,11,0.846
general/kdtree.hpp,81,0,0.0,70,0,0.0,6,3.074999999999997,11.1,1.9249999999999983,9,16,75,11,40,116,23,0,11108,0,0,11108,77.0,2.2,47,41,0.872
fem/nonlininteg.hpp,11,0,0.0,2,0,0.0,169,3.1029411764705883,16.323529411764703,2.1176470588235303,94,50,115,75,68,521,315,0,15216,0,0,15216,19.0,1.0,14,13,0.929
fem/hyperbolic.hpp,17,0,0.0,130,0,0.0,11,3.1132075471698095,19.792452830188672,3.4150943396226427,44,25,128,34,53,346,67,0,17052,0,0,17052,16.0,1.0,14,9,0.643
fem/picojson.h,371,0,0.0,514,0,0.0,50,3.0000000000000004,7.6888888888888784,1.1333333333333333,15,42,68,14,90,242,97,0,11201,0,0,11201,225.0,2.5,52,39,0.75
general/hash.hpp,214,0,0.0,204,0,0.0,12,2.2835820895522385,9.417910447761185,1.3582089552238805,8,52,48,14,67,114,14,0,11029,0,0,11029,126.0,2.0,102,68,0.667
fem/fe/fe_l2.hpp,14,0,0.0,0,0,,7,6.000000000000001,28.928571428571438,2.047619047619048,103,25,83,59,42,533,355,0,13897,0,0,13897,7.0,1.0,7,7,1.0
fem/bilinearform_ext.hpp,18,0,0.0,26,0,0.0,10,4.578947368421053,26.9078947368421,1.9868421052631575,87,34,245,52,76,635,248,0,15215,0,0,15215,9.0,1.0,9,5,0.556
general/tassign.hpp,4,0,0.0,0,0,,0,2.0,4.666666666666667,2.0,6,12,5,0,12,36,12,0,10635,0,0,10635,12.0,1.0,6,5,0.833
fem/fe/fe_nurbs.hpp,78,0,0.0,230,0,0.0,12,3.75,20.51785714285713,1.214285714285716,42,44,90,97,56,180,242,0,13838,0,0,13838,24.0,1.0,18,16,0.889
general/array.hpp,342,0,0.0,888,0,0.0,442,2.019867549668874,4.49006622516556,0.8675496688741725,4,150,25,18,151,168,20,0,10908,0,0,10908,225.0,1.5,1358,932,0.6859999999999999
mesh/spacing.hpp,223,0,0.0,178,0,0.0,7,2.526785714285715,8.11607142857144,0.7678571428571429,35,57,126,23,112,346,218,0,10963,0,0,10963,105.6,1.2,87,40,0.46
fem/kernel_dispatch.hpp,29,0,0.0,50,0,0.0,0,2.142857142857143,6.142857142857143,1.1428571428571428,4,7,15,1,7,12,10,0,11364,0,0,11364,9.9,1.1,621,611,0.984
fem/estimators.hpp,13,0,0.0,34,0,0.0,22,2.699999999999997,11.900000000000007,0.68,31,18,317,36,50,195,73,0,16954,0,0,16954,56.4,1.2,24,16,0.667
fem/eltrans.hpp,76,0,0.0,86,0,0.0,220,3.0272727272727287,9.8,0.9636363636363643,68,38,164,54,110,470,457,0,14233,0,0,14233,60.50000000000001,1.1,64,61,0.953
fem/doftrans.hpp,66,0,0.0,26,0,0.0,22,2.836363636363636,7.0727272727272705,1.0545454545454545,9,19,34,17,55,193,36,0,13567,0,0,13567,48.0,1.2,31,31,1.0
linalg/densemat.hpp,145,0,0.0,508,0,0.0,388,3.398230088495572,12.707964601769914,1.6017699115044244,47,57,109,11,226,1016,779,0,10989,0,0,10989,118.8,1.2,73,60,0.8220000000000001
mesh/mesh_operators.hpp,13,0,0.0,0,0,,24,2.578947368421053,6.456140350877199,0.631578947368421,25,13,121,32,57,201,35,0,16949,0,0,16949,41.0,1.0,23,21,0.913
fem/intrules.hpp,106,0,0.0,96,0,0.0,678,4.548780487804878,24.707317073170742,1.9634146341463419,29,21,402,26,82,427,144,0,11816,0,0,11816,57.6,1.2,41,41,1.0
linalg/dtensor.hpp,24,0,0.0,66,0,0.0,110,2.0,4.0,1.5384615384615385,3,9,8,3,13,24,9,0,10637,0,0,10637,14.3,1.3,136,126,0.926
fem/fespace.hpp,94,0,0.0,112,0,0.0,201,4.462686567164183,21.552238805970184,1.3930348258706433,79,17,249,80,201,1574,349,0,15196,0,0,15196,91.0,1.3,61,54,0.885
general/table.hpp,37,0,0.0,10,0,0.0,34,2.792207792207794,7.532467532467534,1.0,11,35,39,12,77,197,164,0,10933,0,0,10933,50.6,1.1,30,28,0.933
mesh/ncmesh.cpp,3354,0,0.0,9284,0,0.0,15,3.736842105263161,18.63157894736842,2.6315789473684186,11,17,156,3,19,41,79,0,18967,0,0,18967,1192.8,7.1,186,133,0.715
fem/datacollection.hpp,42,0,0.0,24,0,0.0,153,2.8367346938775526,11.408163265306122,0.8061224489795922,30,25,177,36,98,445,77,0,15576,0,0,15576,50.6,1.1,46,31,0.674
general/forall.hpp,34,0,0.0,18,0,0.0,146,3.153846153846155,11.538461538461538,3.3846153846153846,0,11,68,32,13,23,0,0,10761,0,0,10761,96.0,2.0,6196,1994,0.322
fem/eltrans/eltrans_basis.hpp,52,0,0.0,46,0,0.0,0,2.666666666666668,8.583333333333325,2.4166666666666674,1,10,23,2,12,22,1,0,12063,0,0,12063,32.400000000000006,2.7,11,8,0.727
general/gecko.cpp,450,0,0.0,490,0,0.0,3,3.2413793103448265,12.103448275862071,1.206896551724137,10,21,91,17,29,101,82,0,11602,0,0,11602,208.8,3.6,52,44,0.846
fem/tmop/tmop_pa.hpp,11,0,0.0,6,0,0.0,1,2.0,2.5,0.6666666666666666,1,4,6,1,6,10,2,0,10673,0,0,10673,6.0,1.0,868,868,1.0
fem/nonlinearform_ext.hpp,6,0,0.0,52,0,0.0,5,2.6956521739130443,7.956521739130452,0.7826086956521736,18,15,25,12,23,103,52,0,15219,0,0,15219,3.0,1.0,3,1,0.3329999999999999
fem/bilinearform.hpp,63,0,0.0,132,0,0.0,78,3.5028248587570627,14.34463276836161,1.395480225988698,46,18,305,44,177,933,228,0,16964,0,0,16964,82.0,1.0,47,41,0.872
mesh/nurbs.hpp,152,0,0.0,133,0,0.0,20,3.906976744186045,23.841860465116305,1.279069767441861,32,168,255,70,215,651,2276,0,15123,0,0,15123,194.4,2.7,63,59,0.937
general/mem_alloc.hpp,77,0,0.0,28,0,0.0,1,2.2666666666666657,8.6,0.2666666666666668,2,13,20,11,15,26,10,0,10926,0,0,10926,25.5,1.7,42,37,0.8809999999999999
general/mem_manager.hpp,186,0,0.0,588,0,0.0,27,3.0093457943925235,12.383177570093475,1.8785046728971981,14,68,88,11,107,373,118,0,10711,0,2,10709,151.20000000000002,2.1,1490,1180,0.792
linalg/dual.hpp,27,0,0.0,0,0,,369,2.0,5.307692307692311,1.5128205128205088,5,32,8,4,39,110,125,0,10730,0,0,10730,38.0,1.0,26,0,0.0
linalg/constraints.hpp,6,0,0.0,0,0,,5,2.464285714285713,10.964285714285706,1.4285714285714264,21,7,29,24,28,207,30,0,11129,0,0,11129,31.2,1.2,6,2,0.3329999999999999
mesh/mesh.cpp,7427,0,0.0,17176,0,0.0,3,6.96,39.56,3.16,21,23,225,7,25,137,273,0,25665,0,0,25665,2332.2000000000003,6.9,349,251,0.7190000000000001
mesh/mesh_readers.cpp,1293,0,0.0,4332,0,0.0,5,3.588235294117648,15.764705882352924,1.588235294117647,8,17,69,7,17,34,50,0,22479,0,0,22479,697.0,8.5,90,44,0.489
linalg/complex_densemat.hpp,14,0,0.0,2,0,0.0,8,5.128205128205128,22.384615384615394,2.307692307692309,17,23,157,5,39,143,85,0,11604,0,0,11604,14.0,1.0,10,5,0.5
linalg/dinvariants.hpp,329,0,0.0,374,0,0.0,6,2.8793103448275867,9.482758620689646,0.7758620689655172,7,28,66,42,58,202,37,0,10641,0,0,10641,133.39999999999998,2.3,57,57,1.0
fem/gridfunc.hpp,56,0,0.0,24,0,0.0,129,4.5642857142857105,28.707142857142834,2.4071428571428575,55,11,136,9,140,1361,314,0,15556,0,0,15556,37.400000000000006,1.1,31,18,0.581
fem/complex_fem.hpp,4,0,0.0,4,0,0.0,2,2.7142857142857166,9.476190476190473,1.2857142857142863,16,5,153,9,63,302,32,0,16971,0,0,16971,64.0,1.0,9,6,0.667
general/socketstream.hpp,10,0,0.0,4,0,0.0,59,3.0937500000000036,11.43750000000001,0.7499999999999998,8,4,68,8,32,106,10,0,10644,0,0,10644,29.700000000000003,1.1,9,3,0.3329999999999999
fem/hybridization_ext.cpp,600,0,0.0,2173,0,0.0,0,2.6666666666666665,4.0,0.3333333333333333,6,3,10,1,3,12,6,0,16835,0,0,16835,158.4,8.8,74,0,0.0
fem/multigrid.hpp,10,0,0.0,30,0,0.0,13,3.2592592592592604,12.222222222222221,1.5185185185185202,10,6,54,17,27,132,17,0,16965,0,0,16965,10.0,1.0,6,5,0.833
fem/lor/lor.hpp,1,0,0.0,2,0,0.0,4,3.1333333333333346,13.8,1.2333333333333352,21,7,118,16,30,173,41,0,16972,0,0,16972,13.2,1.2,5,5,1.0
fem/qspace.hpp,22,0,0.0,2,0,0.0,15,2.2826086956521716,5.500000000000001,0.9347826086956523,24,21,24,11,46,168,154,0,15203,0,0,15203,20.0,1.0,17,16,0.941
linalg/sparsesmoothers.hpp,4,0,0.0,0,0,,5,3.299999999999998,8.999999999999998,1.899999999999999,13,3,46,8,10,52,13,0,11049,0,0,11049,6.0,1.0,6,5,0.833
general/sort_pairs.hpp,5,0,0.0,0,0,,4,2.0,3.0,1.6666666666666667,2,9,6,5,9,13,10,0,3839,0,0,3839,11.2,1.6,6,4,0.667
linalg/mma.hpp,6,0,0.0,2,0,0.0,3,7.055555555555557,54.388888888888886,2.6111111111111125,6,10,731,120,18,180,19,0,2286,0,0,2286,7.199999999999999,1.2,4,4,1.0
linalg/vector.cpp,534,0,0.0,1190,0,0.0,117,2.9999999999999987,15.136363636363619,2.0454545454545485,8,16,54,1,22,82,66,0,11307,0,0,11307,208.0,3.2,103,80,0.777
fem/tmop_tools.hpp,15,0,0.0,84,0,0.0,4,5.294117647058824,28.852941176470587,1.5588235294117647,49,8,243,35,34,275,146,0,17216,0,0,17216,28.8,1.2,9,6,0.667
linalg/matrix.hpp,11,0,0.0,0,0,,16,2.15,2.0,1.3,1,19,20,0,20,25,7,0,10966,0,0,10966,10.0,1.0,10,9,0.9
linalg/blockoperator.hpp,6,0,0.0,32,0,0.0,52,2.9189189189189206,9.837837837837844,1.2702702702702706,11,8,44,24,37,192,28,0,10994,0,0,10994,22.0,1.0,5,3,0.6
linalg/invariants.hpp,613,0,0.0,308,0,0.0,28,2.0,15.50684931506849,0.7123287671232875,2,73,139,39,73,75,4,0,10744,0,0,10744,175.2,2.4,72,71,0.986
fem/tmop_amr.hpp,41,0,0.0,110,0,0.0,3,5.242424242424243,25.75757575757575,1.0303030303030307,47,5,147,38,33,264,73,0,17288,0,0,17288,30.8,1.4,15,3,0.2
linalg/solvers.cpp,1744,0,0.0,4846,0,0.0,47,4.318181818181819,23.40909090909092,5.181818181818183,17,11,161,3,22,135,170,0,18321,0,0,18321,699.5999999999999,6.6,92,53,0.5760000000000001
linalg/sparsemat.hpp,117,0,0.0,128,0,0.0,83,5.23648648648649,24.7162162162162,1.35135135135135,19,7,191,13,148,1073,133,0,11049,0,0,11049,82.6,1.4,40,37,0.925
general/optparser.hpp,1,0,0.0,0,0,,180,4.473684210526315,19.78947368421052,2.736842105263161,6,11,103,12,19,43,54,0,10908,0,0,10908,11.0,1.0,11,10,0.909
general/sets.hpp,3,0,0.0,0,0,,2,2.6874999999999973,6.0,0.8124999999999999,4,9,21,1,16,42,11,0,10934,0,0,10934,5.0,1.0,3,0,0.0
linalg/constraints.cpp,271,0,0.0,708,0,0.0,1,6.4,38.0,2.3999999999999977,9,4,162,0,5,29,9,0,15258,0,0,15258,101.2,2.3,27,12,0.444
linalg/handle.hpp,27,0,0.0,14,0,0.0,64,3.67857142857143,11.9642857142857,1.0,7,4,51,4,28,100,28,0,10974,0,0,10974,23.1,1.1,47,31,0.66
linalg/complex_operator.hpp,6,0,0.0,0,0,,10,2.7894736842105234,11.26315789473684,1.157894736842102,5,11,63,11,19,78,27,0,11050,0,0,11050,11.0,1.0,5,4,0.8
mesh/pyramid.hpp,15,0,0.0,2,0,0.0,10,2.11764705882353,3.35294117647059,0.941176470588235,4,10,10,2,17,37,40,0,12048,0,0,12048,11.0,1.1,11,10,0.909
mesh/point.hpp,14,0,0.0,0,0,,8,2.0,2.0625,0.625,2,10,5,2,16,27,20,0,12048,0,0,12048,11.0,1.0,12,6,0.5
mesh/ncmesh_tables.hpp,3,0,0.0,2,0,0.0,1,3.0,7.0,2.0,0,1,7,61,1,3,0,0,0,0,0,0,2.0,2.0,1,1,1.0
mesh/hexahedron.hpp,16,0,0.0,0,0,,7,2.05882352941176,3.11764705882353,1.11764705882353,4,10,14,2,17,38,40,0,12048,0,0,12048,11.0,1.0,12,11,0.917
linalg/batched/batched.hpp,1,0,0.0,0,0,,4,2.0526315789473664,4.894736842105263,2.0526315789473677,3,6,27,2,19,58,7,0,10989,0,0,10989,1.0,1.0,1,1,1.0
general/tic_toc.cpp,73,0,0.0,10,0,0.0,7,4.0,29.3,0.0,1,3,65,4,10,32,1,0,2294,0,0,2294,92.0,4.0,23,13,0.565
general/stable3d.hpp,1,0,0.0,0,0,,2,5.22222222222222,18.8888888888889,2.11111111111111,2,9,32,7,9,30,18,0,10926,0,0,10926,1.0,1.0,1,1,1.0
general/tinyxml2.cpp,1356,0,0.0,840,0,0.0,3,2.5,10.5,2.0,1,2,15,18,2,3,2,0,693,0,0,693,525.2,2.6,199,54,0.271
general/arrays_by_name.hpp,48,0,0.0,212,0,0.0,3,2.210526315789474,5.842105263157898,0.6842105263157894,1,19,31,1,19,22,1,0,12029,0,0,12029,30.6,1.8,22,21,0.955
general/device.hpp,28,0,0.0,2,0,0.0,59,3.9393939393939403,18.0606060606061,0.606060606060606,5,5,103,14,33,130,25,0,10737,0,0,10737,24.0,1.0,40,32,0.8
general/socketstream.cpp,176,0,0.0,108,0,0.0,1,2.25,4.25,0.5,1,3,14,2,4,7,3,0,10690,0,0,10690,205.8,4.9,20,5,0.25
fem/lor/lor_batched.hpp,20,0,0.0,18,0,0.0,4,5.090909090909091,34.09090909090909,1.5454545454545454,25,3,130,12,11,112,50,0,16980,0,0,16980,11.0,2.2,11,11,1.0
fem/fespace.cpp,2257,0,0.0,6879,0,0.0,19,4.2727272727272725,18.72727272727271,3.272727272727276,12,10,84,4,11,44,90,0,22719,0,0,22719,764.5,5.5,140,104,0.743
fem/intrules_cut.hpp,1,0,0.0,0,0,,0,3.6666666666666665,177.44444444444446,1.8888888888888888,3,9,1579,3,9,15,10,0,17720,0,0,17720,52.5,2.5,1,0,0.0
fem/kernel_reporter.hpp,23,0,0.0,50,0,0.0,1,2.5,5.375,1.1249999999999987,2,2,13,2,8,21,2,0,11341,0,0,11341,12.0,1.5,37,7,0.1889999999999999
fem/quadinterpolator.cpp,440,0,0.0,13830,0,0.0,1,7.363636363636363,68.9090909090909,2.727272727272727,12,11,153,0,11,53,93,0,17046,0,0,17046,176.79999999999998,6.8,228,130,0.57
fem/nonlinearform.hpp,14,0,0.0,4,0,0.0,11,6.903846153846157,31.01923076923076,0.884615384615384,25,5,276,42,52,381,64,0,16996,0,0,16996,34.0,1.0,17,14,0.8240000000000001
fem/bilininteg.cpp,2176,0,0.0,4480,0,0.0,0,2.0,7.666666666666665,1.6666666666666703,10,6,13,6,6,23,30,0,22613,0,0,22613,708.9,5.1,147,80,0.544
mesh/submesh/submesh_utils.cpp,405,0,0.0,1454,0,0.0,51,8.06666666666667,54.0666666666667,2.6,14,10,310,2,15,78,140,0,15826,0,0,15826,126.0,12.6,13,13,1.0
mesh/wedge.hpp,15,0,0.0,2,0,0.0,12,2.11764705882353,3.47058823529412,1.0,4,10,12,2,17,37,40,0,12048,0,0,12048,11.0,1.1,11,11,1.0
mesh/segment.hpp,14,0,0.0,0,0,,15,2.05882352941176,2.52941176470588,0.764705882352941,3,10,8,2,17,35,30,0,12048,0,0,12048,11.0,1.0,12,8,0.667
